{
  "index_name": "SmartBrew",
  "start_urls": ["http://team06-21.studenti.fiit.stuba.sk/docs"],
  "sitemap_urls": ["http://team06-21.studenti.fiit.stuba.sk/docs/sitemap.xml"],
  "stop_urls": [],
  "selectors": {
    "lvl0": {
      "selector": "(//ul[contains(@class,'menu__list')]//a[contains(@class, 'menu__link menu__link--sublist menu__link--active')]/text() | //nav[contains(@class, 'navbar')]//a[contains(@class, 'navbar__link--active')]/text())[last()]",
      "type": "xpath",
      "global": true,
      "default_value": "Documentation"
    },
    "lvl1": "header h1",
    "lvl2": "article h2",
    "lvl3": "article h3",
    "lvl4": "article h4",
    "lvl5": "article h5",
    "text": "article p, article li"
  }
}
